Location ,0,1,2,3,4,5,6,7,8,9,10,11,12,13,14,15,16,17,18,19,20,21,22,23,24,25,26,27,28,29,30,31,32,33,34,35,36,37,38,39,40,41,42,43,44,45,46,47,48,49,50,51,52,53,54,55,56,57,58,59,60,61,62,63,64,65,66,67,68,69,70,71,72,73,74,75,76,77,78,79,80,81,82,83,84,85,86,87,88,89,90,91,92,93,94,95,96,97,98,99,100,101,102,103,104,105,106,107,108,109,110,111,112,113,114,115,116,117,118,119,120,121,122,123,124,125,126,127,128,129,130,131,132,133,134,135,136,137,138,139,140,141,142,143,144,145,146,147,148,149,150,151,152,153,154,155,156,157,158,159,160,161,162,163,164,165,166,167,168,169,170,171,172,173,174,175,176,177,178,179,180,181,182,183,184,185,186,187,188,189,190,191,192,193,194,195,196,197,198,199,200,201,202,203,204,205,206,207,208,209,210,211,212,213,214,215,216,217,218,219,220,221,222,223,224,225,226,227,228,229,230,231,232,233,234,235,236,237,238,239,240,241,242,243,244,245,246,247,248,249,250,251,252,253,254,255,256,257,258,259,260,261,262,263,264,265,266,267,268,269,270,271,272,273,274,275,276,277,278,279,280,281,282,283,284,285,286
Austria,77.6,73.9,75.5,75.9,76.2,76.1,74.7,76.7,75.4,76,76.5,77.9,82.3,78.5,76.3,75,73.5,75.2,75.7,76.6,76.6,76.4,78.1,75.3,75.6,74.8,76.2,75.7,79.7,76.5,77.9,75.4,75.3,78.2,75,76.3,76.3,87.6,88.1,88.6,85,85.3,85.1,84.9,86.6,85.5,84.5,85.3,87.4,86,86.6,85.3,87.9,87.9,89.1,92.2,91.1,92.9,94.9,96.4,90.3,88.3,90,86.6,93,94.2,96.2,93.8,94.4,95.3,98.9,98.3,99.6,96.6,92.9,95.5,96.5,99.6,98.7,101.2,101.4,103.5,103.9,103.7,104.5,104.1,106.7,105.9,105,105.3,104.6,105.9,104.5,101.9,104.4,100.3,103.1,105.8,111.3,109.5,105.1,107.3,99.9,101.5,101.6,101.3,100.2,100.9,100.7,105.9,104.3,102.4,103.5,99.2,102.1,99.9,100.1,101.2,99.8,102.8,100.4,98.6,96.8,97.8,98.5,97.7,100.4,97.2,97,96.9,97.5,95.9,94.7,94.2,97.8,98.4,98.6,100.6,100.4,97.8,100,97.6,98.6,102.1,103.3,99.6,95.1,101.4,101.4,104.6,101,105.3,104.7,105.9,105.3,103.6,102.6,100.4,104.2,95,102,101.6,102.1,104.6,105.2,106.4,108,103.3,105.3,107.8,104.2,102.6,103,100.5,101.5,101.2,99.6,101.3,102.2,99,99.3,105.5,97.7,100.9,100,98.2,99.9,99.4,99.1,99.2,98.5,102.8,98.6,100.6,100.8,104.2,101.6,100.5,99,100.3,102.7,104.2,101.1,106,103.3,99.5,104.8,106.4,106.8,109.1,108,107.9,109.1,110.2,111.2,113.2,114.5,110.8,112.3,107.3,111.7,116.6,116.4,117.2,116.3,119.4,120.7,116.8,125.3,121.3,119.9,119.8,120.2,119.4,124,124.8,123.6,121.7,126.3,125.7,128.1,126.7,126.4,108.1,95.8,109.8,114.7,118.7,120.8,123.4,123.7,124.6,120.4,122.1,126.3,131.1,128.7,129.5,127.2,124.3,125.1,127,125.4,126.5,126.6,128.4,131.4,133,128.9,135.8,131.2,125.3,130.2,130.1,129.7,132.4,130,133,145.7,130.9,131.6,126.8,128.1,129.6,128.6,128,129.6
Belgium,,95.6,98.5,97.3,99.1,99.5,96.6,97.4,99.5,98.6,97.9,98,101.7,97.3,98.7,96.1,97.3,98.8,99.3,96.9,99.8,96.5,98.7,96.7,98.4,98.1,96.3,100,96.4,97.2,95.9,94.6,95.2,96.3,95.1,98.5,94.6,94.7,95,96.5,97.9,95.2,97.4,98.7,97.6,98,97.4,97.1,97,99.9,99.9,99,99.2,98.3,98.5,98.2,98.3,98.3,99.8,98.3,98.7,96.5,97,97,100.4,98.7,100.7,99.9,101.3,101.2,100,102.3,101.6,99.7,100.4,101.4,104.3,103.9,104.3,103.7,104.1,105.6,103.9,106.4,107.8,105.4,105.6,106.7,105.8,105.7,105.9,103.4,106.9,105.6,107.5,106.5,107.3,110.1,110.2,105,109.4,107.5,106.4,106.6,106,105.9,102.8,104.6,103,103.2,103.8,104,102.7,103.2,103.3,102.1,102.9,102.9,103.7,99.3,98.7,100.9,97.5,104.5,102.8,101.1,103.9,102.6,102.5,103.6,105.3,103.4,84,104.1,108.8,106.6,106,107.6,104.4,105.3,106.5,106.7,105.3,108.6,106.1,106,103,107.8,106.2,106.6,105.6,104.5,106.4,105,104.6,104.4,103.3,98.6,101.4,102.9,102.3,103.6,104.1,103,102.8,104.3,104.3,105.5,105.7,107.1,104.9,103.4,103.4,101,101.8,102.6,101.7,101.8,101.6,101.7,99.7,102,100,101.7,99.7,100.7,99.9,99.7,99.9,99.5,101.2,98.3,97.4,103.8,100.5,98.3,101.1,98.5,100.1,101.1,99.9,99.9,98.8,98,101.3,96.4,101.4,101.6,101,101.6,100.4,101.7,100.8,100.5,102.9,102.3,102.3,103.3,100.5,103.2,100,102.9,102.7,102.7,102.6,103.1,103.4,103.7,105,101.6,104.4,104.1,107.1,103.3,101.6,102.2,100.3,100.7,100.2,101.7,99.8,101.7,99.5,87.2,83.8,93.6,95.9,97.6,96.7,96.6,96.9,96.8,95,101.8,96,101.6,98.7,97.9,97.9,98.3,97,98,98.2,94.5,98.1,98.3,100,99.8,98.2,99.5,98.7,99.7,99.9,98.4,99,100.3,99.8,98.5,101.3,99.1,102.2,99.2,99.6,102.7,97,98.5,97
Brazil,94.5,93.8,95.2,91,94.8,94.1,96.1,96.8,97.7,95.1,95.9,96.6,97.5,98.1,96.9,97.3,97.4,97.2,92.6,91.9,92.4,90.2,87.9,88.5,87.9,88,90.4,90.4,91.8,89.8,91,87.4,86.6,90.5,90.9,91.8,89.6,87.7,90.8,82.7,82.8,82.9,81.3,81.1,80.8,83.7,85.5,89,84.3,86.4,86.3,87.8,87.3,88,89.4,91.2,91.5,91.6,90.1,88.5,89.7,89.9,88.8,90,90.5,89.1,92.6,88.4,89.3,90.1,88.4,91.9,96.8,95.1,95.2,93.6,93.7,94.5,93.6,95.3,94.4,93.1,92.3,95.4,97.8,96.2,97.3,98,99.3,99,99.3,98.2,98.7,99.2,101.5,101.3,102.7,107.7,105.9,107.2,106.4,106.5,110.7,112.2,111.3,110.6,110,104.5,96.2,98.3,96.1,96.1,97,96.9,99.2,100.6,102.2,103.1,105.5,107.8,108.5,109.6,108.9,114.2,113.9,115,113.1,112.1,112.4,112.8,112.4,114.7,116.3,116,120.6,113.2,112.8,118.5,119.1,118.2,116.8,119.1,117.9,118.2,120.7,120.2,120,120.4,118.5,120.3,118.6,119.6,120.8,119.2,120.9,119.4,119.2,121.4,116.7,121.4,125.2,120.7,123.3,122.5,123,122.4,122.5,122.2,113.8,117.6,121.6,114,115.5,116.1,107.9,112.9,114.5,116.8,115,114.1,106.7,109.7,108.2,108.8,105.1,101.7,98.6,99.2,97.4,95.5,96,93.8,87.2,90.8,91.2,91.2,91.6,90.9,91.2,90.7,87.9,85.1,82.3,83.2,83.9,86.2,86.4,86.3,84,84.1,84.8,85.3,85.5,85.8,83.4,87.3,90.9,87.3,87.2,87.9,87.4,77.3,89.5,86.6,87.1,88,87.1,86,87.9,87.8,90.7,84,89.1,88.6,87.6,88,88.4,88,87.3,88.7,86.1,87.5,87.7,79.4,59.9,71.9,82.4,91.9,93,96.3,98.4,99.4,100.9,100.6,99,97.4,97.6,96.4,96.1,94.9,93.1,92.1,89.7,90.3,89.9,88.9,90.1,89.2,90.6,91.1,89.8,89.2,88.3,86.5,87.4,85.1,84.2,85.6,86.5,88.8,87.2,87.7,88.2,87.9,86.4,84.6,83.9
Bulgaria,,33.5,33.6,34,34.5,34.7,34.8,35.8,35.8,36.4,36.9,37,37.2,37.3,38.6,38.7,39.9,39.6,40.3,40.7,40.9,42,42,42.6,44.2,40,39.1,39.8,39.5,41.1,42.2,41.6,42.6,43.3,44.1,45.1,46,38.6,39.9,41.7,41.8,42.1,43.3,44,46,45.5,46.4,49.1,49.5,52.2,53.4,53.5,55.5,57.1,57.7,59.4,61.2,62.6,64.6,64.4,64.8,69.2,68.7,70.9,73.5,74.5,76.6,79.2,81,81,84.3,86.4,85.7,76.8,83.4,85.6,91.8,97.4,97.7,101.4,101.1,108.4,99.2,103.1,112.1,115.2,117.4,117.9,119.2,120.1,125.8,125.7,128.2,122.6,125,129.7,132.5,133.7,138.8,137.2,139.2,140.6,138.3,139.8,139.9,138.1,140.2,137.2,136,133.6,132.4,129.1,126.8,121.9,120.3,117.4,113.5,109.8,106.5,103.2,102.8,105,102.3,104.5,104.4,102.9,101.1,99.7,99.4,99.4,98.9,99.9,89.6,88.7,89.1,86.7,85.7,87,88.6,87.9,87.8,88,87.8,88.5,88.2,87.1,79.3,87.9,87.4,87.5,88.5,89.3,88.5,87.8,90.3,90.2,83.1,82.4,83.3,82.5,83.9,85.6,82.7,83.6,86.5,87.3,84.9,84.9,84,88.5,88.7,88.1,88.9,88.4,89.2,90.8,90,91.1,93.3,93.2,94.7,96.7,96.1,98.2,98.5,99.5,100.7,99.3,100.2,100.5,107.1,99.4,100.4,80,84.7,82.9,82.7,81,82.4,82.7,83,83.3,83.8,85.6,87.8,74.2,84.6,87.9,87,89.2,89.3,89.1,89.5,90,89.8,90.5,87.7,90.3,87.8,86.7,88.8,89.3,89,89.2,89.2,88.3,90.2,90.2,90.9,90.9,92.7,92.2,93.1,93,90.8,92.3,92.6,92.9,93.1,92.4,92.4,92.8,92.9,78.7,79.6,83.3,86.7,88.4,88.2,89.4,89.6,88.5,88.4,88.3,88.6,88.7,91.1,87.9,90.1,89.7,90.1,90.2,89,90.2,92.3,91.1,90.9,90.5,89.9,91.8,90.4,89.9,90.2,90,90.6,90.9,89.4,89.8,89.5,89.8,89.5,90,88.9,89.1,89.3,89,89.2
Canada,59.8,59.7,59.6,59.3,59.3,58.8,58.6,58.9,59.1,59.4,59.7,59.7,59.9,61.1,61.5,62.7,62.4,62.4,62.6,63.3,63.7,64.2,64.6,65,65.2,65.5,65.4,65.5,66.2,66.1,67.3,66.9,66.9,67,67.9,67.5,67.1,67.2,67.7,67.7,67.7,67.7,68,68.1,69,69,69.4,69.8,69.8,70.4,70.5,71,71.2,71.8,71.7,72.4,72.6,73.1,73.3,73.4,74.1,74,74.4,74.6,75.2,75.6,75.3,75.9,75.8,75.5,75.8,76.3,76.7,76.6,77.5,77.8,77.9,77.7,77.6,77.9,78.3,78.7,79,79.7,80.4,81,81.2,81.6,81.9,82.8,82.9,83.1,83.4,83.4,82.7,82.8,83.8,85.1,85.3,85,84.1,85.1,84.7,84.6,84.5,85,85.6,84.5,82.8,79.9,78.9,78,77.5,78,78.1,78.3,79,79.9,80.6,82.2,83,84.3,84.6,84.9,85.2,85,85.4,85.4,86,86.2,86.4,86.6,86.8,87.6,88,87.6,87.4,87.3,88.2,88.8,89.5,89.8,89.8,90.2,91.2,91.9,92.9,94,95.4,95.4,95.6,95.9,96.3,96.8,97.7,98,98.4,98.4,98.9,99.5,100.2,100.6,98.1,100.2,100.5,100.2,100.5,100.6,99.6,100.4,101,100.7,100.3,101.7,102.2,103,102.6,103,104.3,104.3,103.9,102.9,101.8,100.6,100.1,100.7,100.1,99.8,100,99,98.7,98.5,97.9,97.9,97,95.7,96.3,94.6,93.7,94.2,93.7,94.4,94.6,95.3,95.3,95.9,96.2,96.3,97.9,96.9,98.7,99.4,99,100,101,101.4,101.1,101.4,102.2,102.5,102.5,102.8,102.2,101.7,101,100.6,100.2,99.7,99.7,100,99.7,100.1,100.1,101.3,102.6,103.8,102.9,103.3,102.9,103.7,104.1,105,105.1,100.7,83.3,96,101.8,100,99.8,100.1,101.3,101.5,102.5,104,105.9,108.4,110.8,108,106.8,105.5,105.7,105.5,106.8,107.2,106.5,108.2,109.2,109.8,109.1,108.7,108.9,108.6,108.7,108,108.9,108.9,107.9,108.8,108.4,108.6,108.7,107.7,107.5,107.5,107.7,108.7,
Chile,62.9,48.6,44.3,48.2,34.3,51.6,66.6,49.7,55.4,63.3,49.4,61.7,79,47.4,39.8,51.6,46.7,69.6,66.2,61.6,88,38.5,63.2,51.6,68.1,44.2,39.9,44,62.6,54.5,76.9,51.2,45.4,49.4,48.8,57.2,47.9,60.5,45,69.1,78.9,59.1,68.4,75.2,63.6,53,75.6,52.2,52.2,52.9,44.3,90.1,67.5,95.1,61.9,68.4,73.9,89.1,57.7,67.3,99,71,52.7,90.5,98.2,95,77,57.9,76.3,78.6,61.8,80.8,68.4,79.1,75.7,88.9,79.1,96.8,96.3,58.5,79.5,78.5,84.9,126.8,82,76.4,66.4,95.8,83.5,83.8,89.9,75.3,89.1,90.6,97.1,94.7,101.8,94.4,113.1,83,104.4,70.1,78.7,87.2,94.5,82.9,71.8,54.7,71,65.3,73.6,112.6,73.4,70.3,133.5,51.6,63.4,55.3,54.9,53.3,71.6,63.3,48.5,46.7,67.8,54.4,49.8,67.2,56.7,65.6,53.4,59.5,88.8,90.3,81.9,94.8,77,111,98.1,77.8,75,79.6,80.2,99.9,96.8,94.6,85.1,85.2,97.2,84.7,82.4,92.3,89.2,70.2,91.8,93,79.9,81.8,86.6,74.5,71.9,80,80.5,80.8,82.6,68.5,70.7,66.5,88,97.4,76.4,96.8,96.3,84.5,102.4,90.8,90.9,113.7,101.7,90.9,120.4,75.9,89.4,78.6,82.3,86.5,86.5,99.6,101.4,94.4,94,110.6,200.6,69.4,61.1,93.8,76.3,78.9,90.4,57.7,78.5,71.4,77.2,82.6,114.7,75.7,69.6,92.8,69,97.5,98.6,72.1,85.8,63,66,79.7,81.9,71.7,96.1,94.7,97.9,102.3,88.1,66.6,81.9,62,119,72.5,85.4,102.5,77.3,83.9,85.6,113.5,86.9,88.6,73.1,85.9,82.8,89.7,112,93.5,59.4,59.4,43.6,71.9,49.1,41.1,74,88.4,47.8,70.4,91,57.4,45.3,94.4,72.1,91,61.6,85.9,101.4,52.9,59.6,73.7,90.7,47.8,52.4,74.2,87.8,71.2,62.9,44.5,54.2,40.6,56.5,59.7,126.6,31.6,28.4,42.7,43.3,56.6,50.1,77.3,48.9,43,37.3
China ,16.5,16.7,17.1,15.8,15.6,18.2,19.1,17,17.9,19.1,17.6,19.9,19.1,19.5,19.7,20.8,21.6,20,20.3,20.5,22.2,21.6,21.7,22.4,24.3,21.3,21.7,25.7,25.2,24.3,25.9,27.8,29.3,27.5,29.3,31,29.9,32.6,33.1,32.9,32.2,35.1,35.8,35.8,35.1,39.3,36.9,35,37.9,38.1,38.6,39.2,39.8,40,38.6,37.3,39.4,42.4,41.4,43.5,42,42.6,43.3,42.3,44.7,47.7,46.6,55.4,50.5,45.6,50.4,49.7,49,54.3,54.9,49.7,52.6,49.9,53.1,50,51.4,52.5,55.3,55.2,54.9,51.9,52.3,56.6,57.8,56.9,58.8,55.6,58.8,61.9,58.1,61.7,63.5,61.1,61.9,62.7,58.9,64.4,60.9,62.4,62.5,62.3,66.2,59.2,66,72.8,73.4,71.7,73.9,68.1,73.5,83.1,79.2,77.2,74.2,84.9,79,78.4,79.2,81.9,84.7,88.3,86.2,80.4,81.8,83,87.8,82.3,90.8,85.6,86.8,93.9,98.1,96.8,101.2,99.5,99.6,113.4,102.7,115.6,105.2,110,109.6,126,109.1,112.7,108.2,110.8,126.6,110,125.9,112.5,115.9,129.3,130.6,108.6,112.5,109.3,116.9,129.8,109.1,115.5,111.1,118.3,120.6,121.6,122.4,118.1,129.9,138.5,129.1,116,137.9,118.8,114.9,124.5,127,108.7,109.1,122.9,109.6,112.7,114,113.2,113.3,141.7,142.3,123.1,118.3,128.7,128.8,119.8,136.2,134.8,129.2,139.8,120.9,126.5,122.2,131.7,127.8,135.9,135.2,129.1,128,122.8,129,120.5,132.2,114.1,123.6,118.9,109.9,119.6,117.9,116.7,112.1,117.4,112.6,109.3,104.8,107.2,98.5,105.4,104,109.1,108.5,105,107.2,97.6,101,108.3,105.2,110.4,107.7,101.8,111.2,89.3,89.5,106.7,101.6,104.4,91.6,98.2,96,99.4,115.3,102.6,106.1,115.3,115.6,106.8,106.2,116.5,134.5,120.2,111.2,104.7,100.5,114.5,105.2,99.8,100.5,91.7,91.8,89.4,90.2,86.1,102.3,95.8,97,95.7,100.2,104.8,104.7,111.2,113.6,109.5,107.1,113.6,110.5,115.5,112
Costa Rica,38.6,39.4,40.2,41.1,42.1,42.7,42.9,42.7,42.4,42.2,42,41.8,40.8,42.7,42.9,43.4,44.4,45.8,47.7,49.8,51.4,52.5,53.3,53.1,52.3,49.8,48.6,47.9,48.1,48.2,48,47.5,47.3,47.3,47.5,48.3,49.9,53,54.3,53.7,51.4,49.6,48.6,48.1,48.2,48.8,49.7,50.4,51,51.5,52.2,52.8,53.5,54,54.5,54.6,54.8,55,55.2,55.1,55.8,53.6,53,52.2,51.2,50.9,51.9,53.4,54.5,55.1,55.9,56.2,56.9,58.4,59,59.2,59.1,59.4,60.9,62.2,63.7,64.7,64.7,65.9,67.2,69.2,71.4,73.9,76.5,77.9,78.7,78.8,78.5,78.1,77.7,78.3,79,83,85.1,86.3,87,86.9,86.2,86.4,85.7,85.2,87.5,87.1,86.5,82.7,82.3,82.2,82.6,82.7,82.5,81.8,81.7,81.7,81.8,81.7,81.9,80.6,80,79.9,80.1,80.1,79.8,78.5,78.4,78.6,78.4,78.7,77.4,75.5,75.5,76,76.4,77.1,77.3,77.2,77.5,78.4,80.1,81.6,83.8,84,89.6,87.6,86.9,85,86.4,84.1,85.7,86.7,82.8,84.4,84.1,80.3,81.9,80,83.3,84.9,82.3,82.9,82.4,83.3,74.9,75.3,76.6,81.3,81.7,80.9,76.5,76.2,72.6,86.4,85,84.4,91.2,91.2,91.4,89.3,100.1,90.1,107.4,106.9,105.5,114.5,110.5,107.5,91.9,90,86.3,100.6,94.1,92.8,94,89.8,88.7,102.3,98.2,97.9,100,97.9,97.1,96,92,95.2,91.1,91.6,92.6,76.2,77.5,75.9,94.1,93,100.5,86.9,87.6,90.5,100.7,101.8,101.8,97.4,98.6,100.2,90.4,90.7,87.1,86.6,86.1,82.3,78.3,76.2,76.2,75.2,74,75.2,82.5,79.9,80.1,75.9,72.1,71.9,80.2,82.2,85.1,70.8,73,74.9,73.1,73.1,76.8,68.9,73.5,73.3,79.9,84.3,80.1,87,85.1,88.4,75.2,77.2,75.6,81.8,83.6,84.9,75,71.9,65.9,72.2,72.9,62.2,73.2,76.6,76.2,78.7,80.5,82.1,80.3,82.2,90.7,90,93.9,104.9,
Croatia,,109.5,111,109.6,111.2,108.9,111.1,109.1,109.4,109.6,109.3,109.7,117,109.3,107.5,107.6,105.7,107.8,113.9,110,110.5,113.5,114.5,115.3,117.8,116.2,118.8,118.3,118.2,117.7,117.4,121.2,127.3,123.3,125.3,127.6,127,124.4,133.3,143.9,142,145,145.9,145.2,149.2,148,147.8,147.3,149.4,146.6,148.4,143.7,148.6,148.9,155.3,145.7,140.7,141.1,142.1,141,138.7,141.5,132.4,138.8,140.7,141.7,142.3,146.2,148.6,148.8,150.1,152.1,151.9,154,155.1,158,158.3,158.9,159.9,161.3,160.4,162.7,161.6,165.3,167.6,170,167.7,165.3,161.4,165.4,167.6,166.1,167.9,169.2,170.7,168,171.7,190.6,188.8,190.4,188.8,193.6,184.9,190.3,193.8,191,192.3,190.6,191.2,191.8,192.8,190.7,188.1,185.9,182.4,179.8,174.5,172.2,167.5,165.1,161,158.3,148.9,152.9,154.2,149.7,149.8,148.1,147.8,145.4,143.9,142,136.4,137,135,133.5,132.1,130.5,130.4,130.5,131.7,130.9,125.8,128.4,129.2,122.7,106.2,119.5,117.6,117.5,117.5,114.8,113.8,112.9,113.4,112,108.7,112.5,113.5,108,109.5,109.6,107,108.2,106.4,106.9,106.7,106.4,106.4,102.6,101.5,101.6,100.9,100.3,99,100.1,100.3,101,101.7,100.8,101.7,101.3,97.3,100.2,101,100.4,101.3,99.9,100.3,100.1,99.6,100.4,100,101.7,102.2,103,102.2,102,103.4,103.2,103.1,103.4,101.9,104.8,107,96.2,106.7,106.4,105.4,106,104.1,104.4,105,105.4,105.5,106.8,110.3,104.2,104.1,106.8,109.2,112.5,110,112.1,113.3,113.2,114.4,115.1,114.6,116.5,117.8,118.2,118.6,120,114.3,120.1,120.5,121.4,122.4,124.1,125.3,127.3,127,116.7,112.9,118.4,123.2,126.2,125.2,127.4,129.2,127.5,130.5,133.1,134,134.8,135.4,134.7,136.1,135,136.1,137,136.9,136.7,136.7,138.9,140.1,140.5,141.9,141.1,141.5,141,142.2,142.3,142.9,144.6,147.9,144.3,145.2,144.8,144,146.3,146.9,148.3,148.4,149.8,
Czechia,62.5,70.9,68.4,69.7,70.4,70.7,71.6,70.6,73.9,75.1,75.5,77.7,80.1,78.7,78.6,82.8,80.9,81.5,82.2,84.4,82.4,80.7,81,79.9,80.2,81.9,87.4,82.6,83.6,85.2,82.7,81.7,80.2,84,84.7,82.4,85.9,81.6,85.8,87.4,87,86.2,89.8,90.8,94.1,93.6,93.5,96.5,95.9,94,95.5,101.3,100.6,98.5,100,102.7,99.4,97.8,97.3,101.2,95.2,102.7,97.7,93.1,101,102.5,102.4,102.9,105.8,107.1,110.2,108.5,108.5,95.4,95.4,100.1,103.4,110.2,112.3,112.7,115.1,116.9,117,117,118.3,121.5,121.2,120.6,118.8,122.2,116.4,116.1,116.3,114,119.2,118.2,127.9,120.2,128,123.1,116.8,113.3,117.7,119.7,116.6,119.3,117.1,117.5,117.9,121.1,120.4,120.4,124.7,116.4,118,114.6,116.9,116.8,110.7,111.9,115.4,97,96.9,99,105.5,108.8,109.2,112.2,112.1,109.5,111.4,109.1,101.8,101.9,106.2,105.9,100.9,102.7,104.3,99.9,100.3,102.1,101,101.4,115.9,97,88.9,98.4,98.1,100.8,96.1,95,95.1,95.2,92.7,96.2,95.1,88.1,88.9,79,87.4,88.7,87.3,93.7,91.3,87.8,93,88.7,97.7,93.9,94.3,91.5,93.7,89.7,94.1,90.5,93.7,96,96.8,96.7,92.2,99.3,98.9,101,103,100.5,101.8,101,100.3,100.1,100.1,98,95.9,93,98,92.4,89.6,91.9,91,94.2,95.2,96.5,97.1,97.7,98.9,85.4,89.2,95.7,98.1,98.6,99.7,97.4,98.9,97.7,99,103.6,102,94.6,100.6,98.5,101.1,107.5,107.3,109.2,109.9,111.6,108.4,103.5,108.6,103.5,107.6,108.5,110,108.9,111.8,113.5,109.2,110.2,110.3,109.5,113.6,107.6,111.1,109.3,107.5,103.4,99.2,102.7,102.7,102.2,101.8,103.9,100.5,106.6,100.7,102.3,105.9,107,107,106.3,106.3,107.6,105.9,108.4,110.6,109.4,115.4,114,113.6,110.2,108.7,107,108.2,105.9,108.3,108.2,107.9,113.2,108.7,109.8,105.6,106.7,109.4,105.3,105.8,105.8,107.1
Euro ,110.7,112.2,114.7,113.2,112,114.8,111.4,111.6,113.8,111.5,110.8,112.2,116.5,113.3,114.2,111.2,110.6,113.6,113.6,112.2,113.4,112.4,113.9,112.9,114.8,113.3,115.1,114,112,111.3,111.2,110.8,112.6,113.5,111.9,112.6,112,110.6,110,114.2,113,112,113.6,113,110.4,112.1,111.9,112,113.5,111.4,113.2,113.2,113.1,112,112.3,111.6,110.5,112.2,113,113,111.2,114.1,109.8,107.7,112.8,113.6,113.8,114,114.5,115.2,115,115.2,116,113.4,113.4,112.5,116.4,118.7,118.9,119.2,119.7,120.1,121.2,123.3,126.7,124,125.2,124.3,122.9,123.1,122.1,122.8,122.8,122.5,123.3,122.4,122.5,127,128.1,124,121.7,120.5,120.3,119.9,120.2,118.7,117.6,115.7,114.4,113.3,116.2,116,114.9,113.4,113.2,112.1,111.1,111.6,110.4,110.9,108.4,106.3,104.4,108.8,108.5,108.1,114.3,106.6,105.8,106.9,107.5,106,100.4,107.2,108.3,106.7,107.2,108.2,105.7,106.5,106.2,106.6,105.2,106.7,106.2,105.5,95.4,104.5,102.3,102.8,102.2,101.8,102.7,101.3,101.1,100.5,99.6,97,97.4,95.2,98.2,98.5,100,100.7,100.6,100.6,100.4,99.6,100.6,101,101.2,100.9,101,98.8,99.4,99.3,99.6,99,100.3,98.8,99.5,100.2,98.6,100.2,99.7,100.3,100,99.2,99.3,99.9,100.2,101.1,101.3,102.2,100.3,100.3,100.8,100.6,100.9,101.8,102.5,102,102.3,103,103.9,100.9,103.9,104.6,105.3,105.8,105.3,105.9,106.5,105.9,107.1,107.3,109.4,107.5,105.2,104.4,106.8,108,109,108.7,109.4,110.2,109.3,109.4,111.9,108.7,112,112.1,111.1,110.9,110.9,111.1,111.6,111.4,110.8,111.2,110.7,114,112.6,97.2,84.1,101.2,106.4,107.6,111.1,109.1,109.1,110,111.5,110.5,108,112,112.1,112.4,112.5,112.3,110.8,112.7,113.4,113.6,112.6,115.5,116.2,117,115.3,115.6,114.7,113.9,113.6,113.8,114.7,115.3,112.9,116.3,117.8,115.8,115.3,115.7,114.6,115.4,114.5,115.1,
Finland,62.4,63.3,64,63.7,64.3,64.6,65.1,64.8,65.1,64.6,66.2,65.2,68.5,67.5,65.8,66.3,65.7,66.2,65.4,65.1,66.1,65,64.6,65.1,64.8,65.3,65.8,65.2,65.2,65.9,66.7,66,66.4,66.6,67.5,66.3,67,66.1,68.2,68.1,68.2,66.9,68.6,69.4,68.8,70.7,70.2,71.1,71,69.9,70.8,71.8,72.4,73,72.2,72.2,71.7,72,72.3,73.2,72.6,74.7,72.7,72.9,73,75.3,75.4,75,75.5,76.2,76.7,77.3,76.7,77.8,78.4,78.7,77.7,79.4,80.2,81.2,81.8,83.6,83.7,83.6,87.7,88.1,87.5,88.5,91.1,90.6,89.4,90.4,88.4,91.5,93.2,93.1,93.7,94.5,96.7,95.5,96.2,94.7,94.3,92.6,93.8,91.5,89.3,88.6,86.5,85.6,84,82.4,81.6,80,80.2,81.9,81.7,81.8,81.7,81,82.6,82.2,83.9,85.2,87.2,88.6,100.7,87.8,91.4,92.2,93.5,95.6,92.9,96.9,96,98.2,97.1,97.4,98.4,99,99.2,98.8,98,99.4,98.5,101.9,97.2,98.4,97.1,97.4,97.2,96.3,96.6,95.1,95.6,95,97.8,92.1,96.6,93,93.4,93.5,94.1,96.3,94.4,95,94.7,94.2,93.7,95.4,93.7,94.1,95.5,93.5,94.5,94.3,95,95.1,95.5,95.9,96.3,95.6,97.8,99.5,98.4,99.8,100.2,100.4,100.9,100.6,101.5,102.2,101,100.9,102.8,103.4,105,105.5,106.1,106,106.6,107.3,107.3,108.1,107.1,111.3,110.1,110.2,111.2,111,109.9,111.1,111.4,111.4,110.5,111,111.6,112.8,110.9,110.9,109.2,112.5,114.3,113.5,114.4,112.6,114.6,114.2,118.1,112.4,114,114.2,115.3,113.3,113.2,113.9,114.4,114.4,115,114.8,115,116.3,116.9,116.9,115.3,113.5,113,114.2,113.7,113,113.1,113.4,112.2,113.4,112.8,114.4,116.6,118.5,117.9,117.6,117.9,119.7,120,121.9,120.1,121.2,121.8,122.1,122.8,120.9,119.7,119.6,119.3,118.7,117.1,115.8,116.6,116,115.2,113.5,111.9,113.1,113.4,111.5,111.2,111.1,
France,102.7,104.9,101.3,106.1,104.1,109.6,106.8,106.8,110.7,107.9,110.1,109.3,116.1,111.2,111.3,110.2,110.6,112.3,111.6,112.3,112.3,112.1,112.7,112.9,112.5,111.6,111.3,112.4,111.7,110.8,111.5,110.8,110,112.1,110.6,111.2,111.7,107.5,111.5,113.4,111.5,108.7,112.2,111.9,111.2,111.1,111.7,110.6,111.8,111.7,113.2,113,112,111.8,112,111.6,110.1,112.7,112.8,113.7,110.1,116.3,112.1,112,115.1,115.8,116,117.3,117.6,117.2,116,117.3,115.9,117.2,115.8,116.3,116.9,117.9,118.6,117.5,118.6,118.2,120.5,120.8,127,119.2,124.2,123,123.3,124.1,122.8,124.2,124.8,124.2,125,125.7,126.2,125.2,124.8,124.1,123.5,119.2,123.1,122.3,120.5,120.5,119.5,117.8,117.8,112.8,116.5,118.3,115.7,114.7,114.7,114.8,112.5,114.6,113.7,116.1,110.9,109.6,110.4,114.2,114.3,114,114.6,112.7,111.8,112.8,113.4,111.6,100,113.8,113.1,110.8,110.1,111.5,107.8,108.7,110.6,108.6,107.4,108.9,106.2,109.2,93.3,105.7,104,104.7,103.9,104.7,107,102.9,103.9,104.6,105.4,99.9,103.3,102.1,105.4,105.1,105.9,107.3,105.8,106.6,106.5,104.5,106.5,105.5,104.6,104,103.8,100.3,102.6,102.7,101.7,100.5,100.9,97.4,100.5,101.5,98.8,101.6,100.1,100.7,100.5,99.4,97.6,100.1,99.9,100.4,99.5,103.7,93.5,95.2,96.4,98.5,98.1,99.2,102,100.2,101.5,101.7,102,99.8,102.1,101.2,102.8,103.7,101.1,102.3,103.1,101,103.5,102.2,108.5,100,99.8,97.7,103,98.5,102.2,102.2,103.6,104.8,102.1,102.5,108.4,100.3,103.6,104.9,101,103,103.7,100.8,102.6,102.9,100.9,104,103,103.3,102.5,64.1,37,81.4,91.3,97.4,102.8,96.5,98,97.6,98.6,106,100.3,100.2,100,101.1,100.3,101.4,99,101.9,105.1,102.4,98.8,105.2,104.4,104.1,103.7,103.3,103.2,102.7,102.6,103.3,105.5,104.7,103.2,103.5,105,104,104.9,105.5,102.7,103.3,101.8,103.7,101.6
Germany,101.4,101.6,107.6,101.4,100.6,100.7,96.5,97.4,97.5,95.4,92.8,96.8,96.3,93.3,95.8,87.8,87,91.5,91,90,92.3,91.7,92,90.4,91.6,89.3,94.1,90.5,89,87.5,86.4,85.3,86.7,87.1,84.6,85.8,81.6,83.1,78.5,86.4,85.6,83.9,85.3,85.3,83,83.3,82.5,82,84.2,79.3,82.8,82.6,79.8,80.2,79.2,79.2,77.9,77.8,77.4,76.9,78.3,79.6,70.1,64.9,74.1,75.9,76,76.7,76.5,75.7,77.9,75.5,78.1,72.6,72.7,66.2,78.9,81.6,81.1,83.2,82.6,83,82.6,85.4,86.2,86.7,86.2,83.1,79.3,80.4,80,81,80.8,81.4,81.6,79.8,82.8,90.6,91.1,81.5,77.5,79.5,79.8,78.2,81.2,80.2,79.3,79.3,82.1,76.5,78,82.9,82.8,81.9,82.7,81.1,84.5,83.1,81.5,81.9,82.5,71.7,68.9,79.2,85.8,84.5,85.5,85.2,87.2,87,88.5,85.6,71.8,91.6,92.6,92.1,91.3,91.6,88.9,91.7,91.9,90.5,92.4,94,92.5,94.7,78,95.7,92.2,94.6,93.6,94.6,94.3,96,94.8,94.5,90.3,87.9,87.2,82.5,95.8,95.2,98,98.1,98.1,98.2,98.5,100,101.6,103.2,103.7,100.3,99,96.6,100.6,99.5,98.6,100.1,100.3,100.6,101.8,102.3,96.1,99.3,99,100.1,98.8,98.8,99.6,100.1,99.3,99,104.3,100.3,104.1,102.8,100.6,101.3,102,103.6,105,103.6,104.3,103.6,107.4,95.4,108,112.2,111.7,111.2,109.8,110.5,112,110.7,109.8,112.1,109.8,119.2,105.3,109.9,117.2,121.9,117.4,118.9,118.8,122,120.6,119.4,119.9,116.7,124.6,125.2,125.4,123.2,126,125.6,125.3,127.1,125.4,127.5,126.1,136.9,129.4,128.3,129.4,130.2,129.7,129.5,129.6,130.8,129.5,132.4,128.8,125,118.8,139.7,134.5,132.7,132.4,132.7,129.1,133,133.2,133.5,130.6,137.4,136.4,138.6,132.4,134,134.1,133.3,131.3,131.5,134.9,135.3,122.8,135.1,138.3,133.9,135.5,136.5,131.9,134.7,130.4,133.3,129.8
Hungary,79.7,79.2,85.4,82.9,80.4,78.4,82.8,83,80.3,83,86.1,88.9,83.2,86.4,95,87.9,87.6,89.9,88.3,89.7,94.9,87.6,93.5,93.4,90.6,93.4,121.2,121.3,114,108.3,98.4,104.5,104.5,108.4,102.8,101.9,105.9,101.1,95.3,101.7,108,118.1,113.6,107.3,110.5,111.5,112.1,108.5,114.2,117.3,106.8,113.3,114.7,114.8,114,115.1,116.4,107.8,114.3,116.6,118.5,122.7,128.1,113.9,130.7,126.1,139.7,134.7,132.8,145,127,138.2,134.6,143.1,124.4,131,123.2,117.9,130,135.2,129.9,139.2,135.9,134.9,131.1,135.6,132.3,123.3,115.8,121.6,110.2,116.1,110.5,101.2,108.5,103.5,103.7,111.1,109.2,106.9,116.1,112.1,100.9,104.3,105.5,103.6,105.6,106.1,106.9,100.3,106.2,106.8,108.6,100.9,114.6,99.3,98,101,102.5,91,99.1,88.7,93.8,96.9,91.3,90.7,94.5,94.8,95.4,90.5,88.9,86.6,85.9,84.1,88.4,87.8,79.6,87.6,84,78.5,83.6,79.5,81.3,89.8,85.1,83.4,75.1,74.8,77.1,74.8,74.8,81.6,76.8,81.7,80.5,77.7,82.7,78.4,77.3,77.4,79.9,81,85,84.3,86.8,88.7,88.2,92.1,92.4,87.8,96.7,99.3,100,101.8,91.5,98.7,98.9,94.9,101.9,98.1,92.9,96.6,98.7,111.3,108.3,103,99.4,97.2,92.1,101.1,93.7,98.6,101.2,74.9,77,73.2,77.8,76.1,81.7,81.2,82.5,86.9,82.2,84.3,86.4,86.8,92.1,99.3,96,105.7,103.9,96.1,111.9,108.3,113.9,110.3,116.3,120,110.6,97.8,110.8,122.3,129.8,128,140.6,135.7,136.3,139.6,138.8,152.7,153.1,156.1,156.6,155.6,154.9,166.2,156.3,157.2,162.8,144.2,142.3,144.4,156.7,147.2,152.1,131.2,131.6,130.7,135.5,135.8,137.4,145.3,137.8,156.6,128,150.8,146.8,154.2,168,158.5,152.1,154.3,158.1,158.1,168.7,154.4,180.5,167.6,157.2,160.7,151,155.2,151.2,157.5,148.9,164.8,160.5,152.4,153.5,155.2,147.6,148.6,147.3,159.2,151.3,148.5,
Iceland,39.7,40.5,40.3,40.4,40.1,40.5,40.9,40.8,40.8,41.6,42.6,45.2,47.1,48.1,47.7,48.2,48.2,48.1,47.8,48.2,48.6,47.6,46.9,45.2,42.3,43.4,42.6,40.8,38.6,40.5,41.6,41.2,40.8,40.8,41,40,37.9,41.2,43.7,45.4,46.6,48.4,49.7,50.3,50.9,53.2,55.9,54.5,52.3,55.2,56.5,57.2,57.9,58.6,59.8,61.6,63.2,63.4,63.7,69.2,74.2,74,70.7,75.6,80.3,78.3,78.2,80,81.2,84.2,86.8,92.2,97.2,100.3,102,107.4,113,117.5,123,122.5,120.6,127.2,131.9,128.8,124.6,129.6,134,135.7,137.8,139.4,142.2,142,140.6,139.2,136.7,138.5,139.8,144.4,149.6,153.7,156.9,148.3,142.2,140.6,138.3,133.9,128.7,118.9,110,101.3,87.9,84.1,79.9,76.6,74,75.1,75.7,76.5,77.1,79.5,83.8,79.9,65.1,66.2,66.4,66,65.3,64.6,63.4,62.3,61.2,60,60.4,61,62.8,62.3,61.7,60.4,58.5,59.9,60.4,61.2,62,62.8,65.1,62.5,59.1,59.5,60.2,62.4,63.4,64.2,64.1,64.7,65.4,66.4,68.4,70,72.9,72,71.8,70.5,68.9,71.7,73.6,74.9,75.9,76.6,77.7,79.8,82.6,82.4,82.7,82.9,84,84.9,85.6,86.8,86.7,88.6,89.4,90.4,90.4,92.7,95.2,99.4,105.3,100.6,96.5,103.5,107.4,109.5,109.1,115.4,122.3,126.8,131.2,137.6,147.2,146.5,147.7,144.6,136.3,146.1,151.4,156.9,161.7,163.9,166.6,164.3,167.8,164.9,164.5,171.9,173.1,174.7,171.1,,,,,,,,,,,,,,,,,,,,,,,,,,,,,,,,,,,,,,,,,,,,,,,,,,,,,,,,,,,,,,,,,,,,,,
Italy,124,127.5,134.3,131.4,129.7,135.5,132.5,134.4,137,133.6,128.5,129,139.4,138.2,137.3,137.2,140.1,141.7,143.2,139.5,141.2,137.9,143.8,141.5,145.2,148.4,145.5,146.3,138.1,141.1,142.5,145.3,148.9,152.9,153.5,152.7,160.6,153.7,152.3,155.5,153.2,153.2,155.1,153.2,137.8,151.1,150.2,152.3,151.6,154.3,154.9,152.8,157,153.7,157.7,154.6,151.7,156.1,156.8,156.3,149.3,154.8,151.8,154.9,156.9,156.2,152.8,155.7,158.4,160.9,156.1,159.8,158.7,153.8,158.3,158,158,160.7,158.5,158.8,164.2,158.9,167.7,172.3,180.9,175,172.5,172.2,177.6,172.5,171.5,175.7,171.3,172.1,174.4,171.8,166,180.3,179.9,179.9,173.4,172.8,175,175.1,172.8,169.6,167.4,161.8,146,149.2,159.9,154.6,154.3,158.1,153.3,152.4,143.9,148.6,148.1,150.1,140.3,145.8,140.9,145.9,147.1,145.7,149.2,149,142.9,148.4,146.9,144.6,143,144.1,145.3,140.6,144.6,141.4,138.6,138.1,138.9,138.4,134.3,136.9,136.7,127.8,110.9,130.3,122.8,126.1,122.6,121.6,123.8,118.3,118.6,116.1,114.4,112.6,109.5,105.6,110,108,111.9,109.7,111,111,107.7,104.3,104.9,104.7,100.8,102.7,103.5,102.2,101.3,100,103.9,99.7,103.4,96.9,99.9,99.4,98.1,98.8,99.5,99.9,99.2,100.1,96.6,100.1,98.5,103.5,100.6,100,98.8,99.5,100.7,97.8,99.5,99.8,101.4,98.8,97.4,101,101.3,95.3,100.2,101.8,99.3,101.8,100.1,100.4,101.9,100.4,102.7,102.4,104.1,102.9,98.2,96.9,100,101.9,104.1,103.8,102.6,103.2,102.4,103.9,104.5,101.6,106.3,104.8,103.6,104.9,106.9,106.6,105.6,105,107,102.1,106.3,112.5,109.2,63.9,31.5,88.3,102.4,108.7,120.6,110.1,109.2,110.7,106.2,112.6,112.7,113.2,117,118.2,121.7,122.6,123.4,124.9,127.5,129.2,130.9,132.2,137.1,141.4,140.8,139.7,136.1,132.3,134.6,134.5,133.3,136.6,137,136.3,136.5,137.3,132,131.4,133.4,131.5,134.2,134.5,
Korea,,70.5,69.6,77.5,83.3,85.7,84.5,86.5,83.3,81.7,80.8,76.2,71.5,76.3,76.1,79.5,86.8,86.4,81,80.6,91.1,97.7,89.9,89,86.1,89,93.7,86.6,89.2,87.1,90.8,93.4,88.4,92.4,92.4,94.8,96.7,95.7,96.7,95.4,93.4,97.5,101.7,100,101.1,97.9,101.1,100.8,106.9,105.5,101.9,104.7,104.3,102.7,98.9,103.7,104.1,106.9,102.2,97,99.7,100.1,95.3,103.9,105.5,106.9,106.8,104.6,105.3,105.3,103,105.8,101.3,97.7,97.9,105.7,104.4,104.1,102.4,99.6,103.3,108.5,112.8,107.1,106.8,106.1,106.3,106,108.4,107.5,104.1,109.9,109.8,106.6,109.4,109.4,114.4,110.6,102.6,102.4,101.7,101.6,95.9,98.8,102.4,101.1,97.9,95,88.2,99.7,101.5,95.7,101.4,99.7,108.5,99.7,97.1,106.1,98.8,100.5,98.6,103.5,100.8,101.9,95.9,100.2,100.3,99.7,96.4,93.8,90.5,92.1,98,92.7,83.4,95.6,88.2,89.4,98.2,85.7,87.4,91.7,94,86.4,97.7,82.8,85.5,88.7,84.2,86.2,83.8,88.3,82.8,89.1,88,89.3,93.4,87.8,90.5,92.3,97.4,95.6,96.9,96.6,95.2,98.5,100,100.5,96.5,99.9,94.7,93.8,100.1,95.9,97.1,95.2,95.4,93.2,94.8,93.2,93,97.6,99.3,92.3,94.4,95.8,97.9,97.9,102.2,108.3,102.3,100.8,108.3,105.6,105.7,110,108.2,111.4,116,115.5,118.4,119.6,120.5,126.2,123.6,122.6,127.8,131.2,128.9,129.5,127.9,130.8,128.4,133.2,132,128.2,129.2,138.1,129.8,123.3,128.6,126.7,123.6,125.7,124,119.9,119.5,115.8,117.2,128.5,118.8,120.1,120.4,121.9,122.3,120.2,120.4,117.9,120.3,114.5,122,124.7,121,122.4,120.4,117.2,117.3,119.2,112.1,117.4,115.1,117.3,116.3,111.2,113.4,113.2,110.4,108.4,107.1,107.2,108.3,108.9,110.4,105.8,117.1,117.2,107.8,109.1,107.6,113.6,111.6,110.1,113,113.1,118.8,118,115.8,121.9,126.1,120.8,122.3,123.2,120.4,121.1,124.2,124.4,125.3
Luxembourg,88.4,100.4,96.6,94.9,91.7,100.5,91.7,94.1,96.1,93.8,93.7,95.2,96.7,95.7,97.7,95.7,90.2,100.9,100.1,102.2,100.4,99.6,100.9,99.7,105.8,100.1,102.8,102.4,104.7,102.7,101.5,98.5,99,99.8,102.2,100.7,98.5,101.5,99.4,101.8,101.7,97.6,100.9,100,106.1,104.2,104.3,103.7,105.9,100.9,104.2,105.4,100.5,100.6,103.8,103.7,99,101.1,95.4,100.2,93.9,108.9,91.7,90.8,100.6,99.5,99.6,102.1,97.2,101.4,101.3,106.5,100.4,100.2,94.7,91.9,100.6,104.8,102,104.9,104.6,103.3,105.8,106.7,110.6,110,110.9,105.7,103.8,107,105.5,100.9,104.8,102.7,108,102.6,102.1,103.4,108.1,104.2,107.7,105.3,105.6,99.1,102.5,104.8,101.2,100.7,101.5,100.6,100.7,106.7,107.1,101.7,100.7,109.8,104.4,106.9,105.2,105.2,102.8,98.9,95.9,111.1,107.5,106.1,109.1,108.6,106.2,107.6,107.2,107.6,85.2,113.2,112.9,110,106.2,112.9,99.1,103,103.5,102.2,100.7,104.1,98.7,106.7,88.3,103.5,100.3,103.8,104.1,101.2,105.5,100.8,102.8,94.9,101.1,83.7,88.7,93,100.7,98.1,101.5,94.8,103,100.9,102.7,99.6,103.4,100.8,105.7,101.4,102.1,98,100.4,93.3,107.6,102.4,101.5,101.6,101.7,99,96.2,104.3,100.3,100.1,99.3,101.7,97.9,100.1,99.6,102.2,99.4,102,102.2,103.1,101.6,102.7,100.2,104.8,102.7,103.1,102.7,104.8,108,87.9,104.3,103.5,105.8,107.4,108.1,107.3,107.5,108.1,107.7,108.6,105.9,113.6,96.2,107,108.4,110.6,111.1,107.5,112.6,110.7,112,109.7,112.8,99,112.5,111.3,112.3,106.1,111.8,107.1,115,112.2,114.4,111.7,114.2,112.8,110.5,72.1,52.3,106.7,107,110.1,107.3,108.3,106.1,108,105.9,107.3,106.1,111.5,108.9,109.6,108.9,107.6,104.2,107.8,108.3,108.1,94.7,110.3,111.3,108.8,106.2,106.8,106.7,107.5,104.6,108.3,106,109,107.2,98.5,111.2,106.1,107.2,104.4,106.2,106.4,109.1,105.4,
Mexico,81.6,81.7,83.4,81.7,82.4,82.9,81.4,80,80.7,78.7,78.9,77.4,75.7,75.3,73.7,74.6,71.4,72.9,73.4,75.5,76.3,75.6,73.4,74.4,74.3,72.2,70.9,69.3,71.8,72.2,72,72.8,74.1,75.3,75.4,76.4,75.7,76,77.9,74.7,75.5,74.1,74.8,75.3,74.6,73.5,75.5,73.3,75.6,81.7,78.7,81.3,81,79.9,81,79.7,78.1,79.9,80.2,81.2,81.1,83.5,81.4,82.7,81.9,82.5,82.9,81.7,81.7,82.5,82.5,85.1,86.1,85.8,85.9,88.2,88.9,89.6,90,91,93.6,92.9,92.2,92,92,90.9,92.6,92.9,92.5,92.2,90.4,92.5,95.2,96.8,97.8,98.8,99.8,99,101.6,98.8,98.9,100.5,102,100.7,96.9,95.4,97.3,94.8,94.3,94.5,91.2,91.6,90.7,93.2,92.3,92.1,91.3,92.4,89.4,89,90,98.8,91.1,93.3,94.3,89.3,89.2,90,88.9,89.4,90.9,89.7,91,93.2,90.6,89.8,92.2,92.7,97.9,94.5,97,94.8,96.5,99.8,99.2,96.6,96.5,96.1,97.3,97.5,95.9,100.2,97.2,98.8,96.3,96.8,92.8,96,97.5,96.2,91.9,97,92.6,93.4,94.8,94.3,95.6,95.2,96.6,93.7,97.7,97.4,98.3,97.2,98.9,94.7,96.7,97.9,100.9,98.6,99.7,98.2,95.7,96.4,101.3,98.2,98.7,104.7,103,107.5,98.3,98.7,99.7,101.2,101.3,101.9,101.6,102.6,101.5,100.3,100.8,101.7,102,106,101.5,101.1,101.3,102.6,98.1,99.2,101.6,99.4,102.1,104.5,103.3,100.8,105.6,102.8,105.5,103,101.1,103.5,102.6,104.4,99.8,103.1,103.2,94.5,100.7,103.8,101.5,99.9,101.7,97.3,99.8,97.3,96.9,95,93.2,94.1,95.4,94.4,91.4,91.5,58.6,59.9,73.6,74,82.7,81.4,85.2,88.2,85.7,86,89.2,87.9,88.8,89.2,86,87,91.2,91.9,90.3,88.6,89.5,91,92,93.9,94.7,90.7,89.9,89.9,87.8,90.8,89.6,91.4,93.7,94.7,94.2,98.2,98.3,105.3,108.9,110.6,113.5,109.2,114.3
Netherlands,,110.1,109.8,107.5,111.8,114.1,111.9,103.7,108.3,108.4,110.3,110.6,119.9,109.4,111.4,111.1,110.3,111.1,114.6,109.3,112.9,111.1,112.6,112.8,120.5,111.9,111,113.9,110.4,108.8,110,109.8,111.4,110.3,108.4,108.9,106.4,103,104.4,108,106,106.2,105.4,105.2,107.3,103.3,102.9,104.1,109.8,104.7,102.9,102.9,102.4,100.6,100.8,105.6,95.5,100.1,104.9,105.2,106.6,107.7,105.4,104,107.2,111.1,108,109.1,104.6,107.1,108.8,110.1,114.6,106.7,108.6,109,106.1,110.7,109.7,110.7,109.8,114.6,111.2,115.1,120.1,113.2,119,121.1,116.4,118.8,119.3,117.6,120.2,119.3,118.1,121.3,120.7,121.8,127.4,123.2,125.2,122.8,123.2,121.2,122,123.5,123.4,121.5,123,123.6,127.4,125.3,123.3,117.2,117,116.2,110.8,113.6,113.6,109,108.6,102,100.3,105.2,107.3,107.1,106,107.1,103,101.7,105.4,104.7,99.3,108.2,114.6,107.8,103.7,106.1,102,102,101.6,103.9,99.7,100.5,99.4,103.1,94.7,98.3,98.9,97.1,97.6,97.1,97.4,99.4,91.1,92.7,89.6,89.1,87.7,88.1,89,91.2,91.6,92.7,92.5,92.6,93.5,92.2,92.1,93.8,95.7,86.9,90.3,89.1,89.6,90.1,92.1,91,102,100.6,99.5,97.9,97.9,98.6,97.1,103.1,106.1,98.9,97.4,99.3,102.3,102.3,103.6,106.3,105.6,105.1,105.9,105.6,107,108.9,110.1,109.5,111.7,110.2,111.4,112.2,114,116.6,115.4,115.5,118.5,117.6,118.5,118.3,118.4,120.3,120.3,118,119.5,116.7,125.2,123.1,124.3,120.5,123.2,123,124.4,126.3,126.7,126.2,133.3,128.5,128.8,131.7,125,126.7,132.1,132.7,127.4,128.2,126.7,133.7,128.1,129.6,125.8,124,124.5,125,126.8,127.8,127.8,127.8,127.3,133.4,123,130,133.5,130.5,130.7,130,129.5,131.3,131.2,133.4,133.3,135.2,136.1,136.6,136.2,135.3,136.9,138.2,132.9,136.1,139.1,140.4,141.6,141.5,149.4,148.1,143.3,148.4,147,146.9,145.3,144.4,
Poland,81.7,88.8,84.5,81.6,82.2,79,76.7,76.1,76.6,73.4,74.2,71.6,72.3,78.7,77.1,76.2,70.9,69,69.8,65.8,65,66.1,64.8,63.9,64.7,62.8,67.5,67.6,64.6,63.1,60,60.6,59.6,59.9,58,59.7,56.4,56.8,52.6,51.9,55.7,57.1,58.6,60.2,57.7,55.6,54.1,55.9,54.4,48.5,50.5,53.4,70,50.3,49,52.4,56.4,55.3,57.7,56.9,55.9,57,56.1,52.7,57,60.5,61.4,62.8,60.2,61.2,61.3,60.5,62.9,52.6,54.1,58.5,61.2,67.3,72.6,67.5,70.2,77.1,78.4,74.6,78.7,80.7,81.9,81.4,80.9,77.8,77.6,79.2,81.4,81.1,82.3,83.7,90.1,87.9,98,97.6,92.8,91.5,90.3,87.3,87.4,85.9,87.6,86.8,89,97.4,102.5,95.3,95.3,91.2,89.9,95.1,94,89.8,91.4,91.1,90.4,85.9,80.5,84.6,90.1,92.7,97.5,96.9,99.6,100.6,101.8,101.6,99.8,94.2,97.2,105,106.5,111.7,113.9,115.3,111.1,118.6,111.2,112.6,119,120.2,107.4,110,115.4,118.6,111.4,103.8,106.4,102.2,103,102.2,93.8,98.2,93.8,90.3,87.5,89.5,92.4,96.9,97.7,96.1,100.3,101.9,97.1,96.1,104.5,103.4,97.3,97.3,101.1,98.7,97.7,100.3,100.9,99.9,99.4,98.8,102.8,102.3,103.9,100.8,97.7,99.1,101.5,98.6,99.5,98.8,96.3,91,90.6,84.8,87.4,87.1,83.6,84.2,80.3,84.5,83.4,86.7,90.6,87.6,85.4,95.2,94.2,92.5,95.3,100.9,99.6,100.3,100.3,102.7,107.8,113.9,110.1,111.1,109.7,113.7,118.6,118.2,119.8,120.1,122,121.6,123,116.6,124.4,123.9,124.6,121.3,123.1,124.9,126.2,127.8,118.7,120.8,118.3,125,131.3,124.2,122,116.2,115.4,112.6,111.9,114.6,115,112.3,118.7,116.1,107.6,107.9,116.1,119.8,120.2,119.2,121.1,121.4,122.9,126.4,121.8,136.5,129.3,135.3,128.5,131.4,127.4,127.2,128.4,120.9,128.5,131.5,127.4,136,136.2,133.2,132.8,131.1,130.3,130.3,134.3,138.7,137.2
Portugal,,312.2,310,307.4,307.1,305.3,306.3,304.7,302.3,305.8,305,306.6,305.5,306.9,310,314.3,315.4,320.7,324.4,319.3,325.2,326.5,325.2,329.2,331.6,330,327.3,326,325.7,321.5,318.5,317.2,306.9,310,314.3,306.3,305.3,299.2,300.5,282.4,295.2,290.4,288.3,294.6,295.2,290.7,291.5,287.5,276.1,279,281.9,284.3,283.8,285.4,280.9,278.5,279.3,273.7,268.6,271.3,270.5,285.7,283.7,285.2,279.6,280.8,282,279.5,271.7,278.4,275,273.9,275.4,272,272,267.3,268.2,266.7,263.2,261.4,251.1,255,255.1,255.1,255.5,255.2,255.2,252.9,251.4,249.5,251,248,255.1,247.2,249.7,247,247.6,247.4,243.3,247.7,242.4,237.1,235.6,235.1,262.5,232.8,230.6,227.8,223.1,217.7,219.9,217.5,216.2,215.1,213.6,204.1,216.7,207.9,206.3,204.6,199.2,197.9,195,193.2,192,191.3,186.5,187.3,183.6,183.7,180.8,178.9,176.9,174.2,175,171.3,170.9,166.9,164.8,162.5,157.6,158.5,153.7,150.2,149.9,150.3,144.2,144.5,139.2,136.9,136.7,135.1,134.1,131.5,128.8,126,124.8,121.1,120.5,118.6,116.9,116.8,115.9,113.8,112.3,109.5,110.3,110.6,108.7,102.8,106.4,102.7,104.5,103.1,103.4,102.6,102.2,102.9,103.4,103.1,103.6,102,101.5,102.5,99.9,100.4,100.5,99.4,100.2,98.9,98.9,98.7,96.9,95.8,93.8,94.5,96.7,95.6,93.7,95.2,94.4,94.8,94.5,95.4,95.6,97.7,96.8,96.5,94.6,95.3,95.5,95.7,95.4,96,95.8,96.4,97.7,99.1,98.5,97,99,98.3,98.8,98,99,99.3,100.1,99.5,100,100.4,100.7,101.8,103.9,101.5,100.6,101.1,100.8,100.4,100.9,100.2,100.4,99.5,99.4,95.7,88.3,92.7,96.2,97.2,98.3,98.2,98,98,97.7,96.8,97.9,99.4,99.8,99.5,98.7,98.8,99.2,102,99.2,100.3,99.4,98.4,100.7,101.1,100.8,101.2,101,101.2,102.1,101.7,102.3,103.4,103.7,106.4,105.5,107,105.6,106.6,108.4,107.6,107.6,106.3,
Romania,,57,56.1,56,53.6,53.4,53.4,51.9,51.5,51.9,48.7,49.3,50.1,53.2,57.4,56.2,56.7,57.7,57.7,57.8,57.5,58.1,59.4,58.9,60,45.8,58.3,54.3,61.2,58.6,59.1,61,64.4,59.2,61.8,66.1,62.6,67.7,56.9,42.9,62.9,62.8,61.4,61.3,62.7,66.4,65.1,62.8,66.4,58.5,65.1,63.9,65.1,71,66.3,67.6,61.8,62.9,60.6,59.6,57.7,64.8,61.9,60.2,62.6,62.3,65.2,64.7,65.8,65.9,78.4,68,67,71.9,70.6,73.3,69.3,72,77.2,78.7,82.6,81.8,75.2,78,81.2,82.7,94.9,90.9,103.1,95.1,88.9,105.2,103.3,106,112,113.2,107.1,109.1,119.2,133.3,131.9,145.1,124,131.1,138.1,134.7,126.8,131.8,120.2,124.7,128.4,124.5,112,110.6,114.9,109.9,105.9,105.1,95.8,105.5,106.6,112.2,94.5,92.1,95.3,89.9,107.3,86.1,87.9,93.4,94.8,87.2,102.1,96.7,92.4,92.3,91.3,92.4,99.8,99.2,91.6,98.6,100.8,100.5,104.2,104.3,103.9,94.9,107.1,110.3,98.1,94.7,97.8,95.5,94.7,103.1,94.1,97.1,99.4,95.6,94.2,99.3,100.2,107.6,106.8,95.8,100.8,94.4,89.8,84.9,83.1,92.1,87.8,91.2,86.1,85.3,90.8,96.5,89.5,97.2,101.6,94.7,96,101,96.1,94.4,96.6,97.2,99.8,100.3,101.7,106.8,115.5,94.2,100.2,96.7,109.3,102.3,99.4,97.8,95.1,100.2,101.1,93.4,85.1,93.3,97,99.8,89.5,90.8,93.2,98.2,93.2,87,87.9,88.4,94.2,99.1,99.7,89.9,90.5,95.9,91.9,83.7,85.9,85.8,84.8,86.9,86.5,93.7,104.7,107,124,115.7,111.7,116,117.6,114.1,112.1,114,112,137.1,132,137.6,135.2,129.5,125.4,131.8,133.8,137.3,137.4,127.7,130.5,130.3,135.3,138.5,147.1,136.5,137.2,130.3,127,118.7,120.6,131.9,131.6,139.8,140.8,138.6,135.4,142.9,142.7,143.2,146.2,151.9,159.9,157.2,156.8,151.4,156.9,162.2,153.5,159.1,163.5,164.8,170.8,167.6,
Slovak Republic,65.9,69.3,69.9,67.6,69,70.1,72.2,72.9,72.9,75.5,73,73.9,73.7,74.9,77.9,75.6,72.8,71.6,74.9,71.9,72.7,70.3,70.4,70.2,69.5,72.1,74.2,76.6,77.2,78.6,74.7,75.5,73.9,72.2,74.9,76,76.1,76.8,75.5,79.2,76.8,77.6,77.8,79,81.8,81.6,80.3,81.3,82.1,77.7,79.6,80.2,79.8,79.7,77.2,81,83.5,84.8,93.2,89.4,95.3,96.3,85.1,88.7,92.8,92.8,96.8,96.1,94.9,99.5,103.5,101.4,97.1,100.8,101.8,103.2,106.3,109.4,113.8,114.1,115.6,112.9,113.7,116.6,116.2,122.6,126.7,121.8,120.9,118.1,115.3,116.6,114.3,117.7,112.9,112.7,118,141.8,143.1,135.1,136.2,128,123.5,123.4,123.5,134.8,131.1,129,127.5,111.6,131.4,126.1,120.8,124.5,120.7,114.5,121.6,110.5,103.2,110.2,100.9,88.3,88.8,89.6,94.3,99.9,101.4,105.7,97,109.4,110.9,103.4,109.4,107.4,102.3,110.3,113.3,106.8,109.9,109.6,108.8,106.9,106.5,105.2,103.1,99.3,93.4,100.2,96.2,99.6,96.9,96.5,94.9,91.7,92,91,89.3,84.1,90.1,86.3,89.5,86.6,87.6,89.9,91.2,90,87.4,92.3,96.2,87.6,85.9,85.8,84.4,86.9,83.9,84.6,89.3,85.2,84,87.5,86,88.6,88.1,92.1,96,103.8,103.2,105.5,99,106.9,109.5,101.2,106.2,104.1,103.1,90.3,91.7,92.8,94.3,85.3,88.2,88.3,86.7,87.6,87,83.7,89.8,94.6,96.2,90.7,95.7,97.2,95,91.6,96.3,98.3,91.1,98.3,97.8,100.6,102.1,95.1,101.1,104.4,105.4,102.1,103.9,104.2,100.3,95.8,97.1,98.1,98.9,98.5,100.9,97.4,99.6,103.6,102.2,93.4,92.6,101.1,102.2,93.7,85.1,87.2,83.4,84.2,82.5,84.1,80.3,85.7,89.5,86.2,80.8,89.7,89.1,86,84.8,83,84.7,82.4,84.2,87.4,87.4,81.6,85.1,91.1,87,85.6,83.2,83.8,83.2,82.8,84,82.8,86.1,91.8,90.6,81.7,81.9,86.7,85.3,87.4,87.1,89.2,87.2
Slovenia,145.9,134.4,137.1,154.5,148.3,153.1,136.4,141.6,141.5,135.9,134.2,141.9,136.6,142.3,134.4,127.9,125.1,126.2,126.2,127.1,125.7,133.4,133.7,128.6,136.6,124.9,133,135.1,133.3,127.1,135.1,142.1,136.1,143.5,156.6,154.3,141.8,146.7,150.4,148.9,154.1,160.1,161.3,147.1,155.2,154.5,144.4,149.1,165.2,158.4,168.6,151.3,154.4,144.7,151.1,158,165.8,162,165.4,155.8,150.5,164.1,148.1,153.6,162.2,165.8,167,163,166,158.8,152.3,163.9,171.7,148.7,151.1,152.1,161.4,160.6,188.5,185.8,170.1,216.2,217.2,207.9,231,212.1,213.5,220.7,222.1,238.9,218.9,220.1,225.3,215.7,225.5,221,202.1,301.2,299.1,263.6,265.9,266.5,252.7,250.7,248.7,267.2,260.2,213,196.7,212.8,233.2,231.8,210.8,208.5,207.4,196.1,194,180.9,186.1,171.8,178,190,187.5,192.7,173.8,179.9,172.6,164.1,165.8,145.4,152.8,135.7,157.5,144.3,132.4,125.5,123.6,124.4,108.8,119.3,115.5,118.3,115.3,121,113.8,114.1,102.5,132.6,109.5,96.8,97.6,94.7,99.6,105.8,85.4,87.5,91,82.3,83.6,82.3,83.1,83,92.3,91.7,91.4,99.4,107.5,109.2,98.7,104.8,102.6,111.3,114.1,113.6,113,113.6,114.7,104.8,105,96.1,104.5,102.3,104.4,107,105.9,105,103.6,101.7,100.2,96,93.7,99.5,85,79,79.2,75.1,81,87.5,88.3,91.9,92.1,94.8,86.8,92.7,101.2,77.8,94.4,107.3,107.6,97.3,111.5,103.9,100,104,116.9,116.7,122.1,133.5,102.1,106.6,122.6,127.7,124.7,133.9,134.7,134.7,136.5,136,125.9,131.8,139.4,132.6,134.3,141.6,133.5,130.1,129,123.7,132.2,126.9,132.8,136.9,139.1,130.2,123,121.6,113.3,131.1,131.4,132.5,133,147.9,132.3,133.8,127.4,136.7,136.4,128.4,134.2,131.6,133,136.8,121.7,128.1,120.1,153.2,165.6,155.1,151.5,157.3,159.9,155.9,156.5,152.4,169.1,162.4,175.2,190.1,191.8,199.7,187,192.6,195.9,184.9,187.5,201.4,
South Africa,46.4,48,48.3,50.1,50.8,66.6,41.7,63,53.4,54.6,47.4,50.7,55,73.8,54.9,49,43.3,56,65.1,39.2,40.2,108.9,58.1,52.3,45.3,56.9,44,55.8,65.4,61.5,53,56.9,48,58.9,59.2,57.5,64,57.4,55.7,57.3,71.6,69.7,56.6,95.5,56.9,53.5,55.1,59.8,60.7,60.5,62.1,62,63,79.2,74,90.1,90.8,86.1,80.9,121.4,80.2,79.5,79.9,85.6,81.5,100.6,97.3,85.2,120.1,109,113.8,125.6,115.3,103.3,113.6,127.6,106.2,114.9,123.9,114.5,114.4,123.5,127.2,130.3,127.8,136.9,144.2,137.6,158.6,150.3,136.2,158.5,131.2,131.5,148,126.2,114.7,127.2,146.9,145.8,143.2,116.1,136.2,144.9,134.7,160.9,153,143.9,129.5,146.5,141,137.7,112.2,118.7,151.4,126,136.5,125.6,125.9,123.9,155.9,95.4,87.1,96.5,99.3,146.9,91.6,127.4,96.8,80.4,104,101.6,93.5,84.2,90.4,104.8,95.4,103.3,108.3,89.1,73.9,90.7,104.7,96.6,91.9,83.2,93,90.9,111,99.7,86.1,83.9,92.6,106,79.1,115.6,87.4,86.7,118.4,100.3,112.2,104.9,96.8,107,109.3,101.3,97.5,110.5,77.5,98.6,89,88,94.7,77.3,76.7,106.8,91.7,89.9,106.9,125.6,112.5,80.2,85.1,91.6,92.2,111.5,98.5,98,108.7,109.3,103.7,117.7,103.5,88,93.8,106.7,104,126.1,106,86.9,91.1,108.1,95,99,119.2,101.6,95.2,131.5,105.6,105.6,131.8,102,109.6,138.3,123.5,132.6,108.3,97.5,109.5,91.8,100.1,104.5,105.5,146.6,94.5,143.2,110.4,119.1,102.3,110.6,145.7,141.6,128.8,166.7,146.2,140.6,149.7,92.9,106.7,123.9,102.6,98,125.3,84.8,1.7,5.4,34.6,66.7,81,67.3,99.8,70.1,91.2,54.8,74.8,76.4,70.2,72.4,72.2,75.5,80.4,80.5,101.8,63.6,72.1,57.4,70.6,104.7,110.6,92.2,74.5,67.3,78.8,71.7,75.1,73.6,67,57.6,54.5,67.2,65.9,73.4,57.3,60.4,58.4,69.7,72.5
Spain,141,146.2,146.5,147,147.5,148,148.3,149.7,150,150.4,150.3,150.8,150.8,151.8,152.4,152.9,152.5,152.7,153.1,152.7,153.3,153.1,154.9,154.9,155.9,152.1,152.5,152.2,154.9,154.8,155.4,156,156.4,157.5,156,157,156.7,162,162.4,164.3,162.7,164.6,164.8,165.2,165.3,166.1,167.6,168.1,168.3,168.5,168.1,169.2,167,167.5,168.3,168.9,169.5,166.6,170.3,171.5,168.4,182.5,184.4,183.9,183,183.6,184,182,185.8,187.3,186.5,185.9,187,190.2,188,188.1,192.8,192.8,194.2,196.5,192.9,192.7,192.3,195.9,195.5,190.4,190.3,191.7,187.5,188.2,185.6,183.8,181.7,179.9,179.2,175.7,171.7,169,166.7,164.1,162,158.1,152.8,152.7,150.2,145.6,144.4,138.2,137.7,146.2,142.7,136.3,132.1,129.2,130.1,126.6,124.8,125.7,122.5,123.9,120.4,123.4,119,126.7,104.6,101.7,155.8,80.7,86.2,85.2,89.2,87.8,88.5,86.6,88.4,90.6,90.4,92.3,85.6,87.6,83,86.7,80.9,83.5,83,83.9,80.8,79.1,79.5,76.7,81.6,79.4,82.2,79.5,84.5,83,84.5,80,80.9,82.2,80.5,82.2,85,85.3,85.8,86.5,85.5,86.3,87.8,89.8,93,106.4,103.8,102.3,97.6,97.8,97.1,97.5,97.3,97.6,95.3,97.5,95.5,99.2,100.1,99.8,99.1,99.6,100.7,100.5,101.9,102.4,103.5,104.3,104.7,103.6,105.4,103.8,103.8,104.4,103.8,105,104,104.6,105.1,104.2,104.2,104.4,99.9,101.7,103.7,103.6,104.7,103.8,105.6,104.9,105.5,106.2,107.4,107.4,106.3,106.5,105.4,104.7,105.4,106.3,104.2,104.8,105.8,104.8,105.5,105.8,105.1,104.5,103,103.1,101.6,100.8,103,102.5,98.5,98.4,97.4,96.3,75.8,81.8,89.3,91.5,90.7,90.4,89.4,88.4,91.1,87.3,86.3,87,86.6,86.6,83.9,82.5,83.1,84.8,83.7,84,82.8,80.5,80.4,79.4,79.6,77.6,78.4,79.3,79.5,78.7,78.7,78.8,79.1,80.2,80.9,81.6,81.7,82.5,81.8,81.7,81.9,81.8,
Sweden,60.6,61.4,62.1,63.1,60.5,61.5,59.2,59.8,59.7,59.9,62.1,63.2,62.7,65.8,63.3,63.2,63.3,64.6,66.2,66.2,63.9,63.9,63.9,65.3,68.3,65.8,65.1,62.6,62.9,64.3,65.2,61.4,69.2,67.6,67.5,66.8,66.8,66.2,67.4,67.2,69.9,68.2,67.6,63.8,70.7,68.6,70.3,69.9,69.1,68.7,69.8,70.9,70.3,69.2,69.1,58.7,72,72.2,73.7,74.2,74.3,71.1,67.3,65.2,68.7,71.3,75.6,69.9,71.1,72.4,71.1,70.5,73.3,75.3,75.9,77.4,78.6,78.7,80.5,77.6,77.1,77.3,77.8,80.9,85.1,89.6,90.3,86.5,86.1,83.8,84.9,87.3,88.1,88.2,87.5,87.8,87.7,92.6,92.7,87.3,84.7,84.6,82.9,85,84.7,83.9,84.4,83,81.9,83,84.2,84.9,85.7,85.8,83.5,82.9,83.3,83.6,83.2,84.1,82.9,82.7,83.5,84.4,85.9,86.4,87.5,91.1,84.2,86.9,89.5,90,91.9,88.1,87.1,87.3,90.1,93.7,96.6,98.5,95.4,98.7,97.5,95.6,94.9,97,94.2,93.1,93.8,91.8,93,89.8,90.6,91.9,92.8,93.6,94.9,92,93.1,91.6,90.1,92.8,91.4,88.7,90.6,89,87.8,88.1,89.1,90.1,92.4,91.3,91.8,89.6,90.6,91.2,93.5,92.6,93.4,94.2,92.2,93.2,100,95.9,95.8,96.5,101.1,93.9,100,102.3,101.8,102.9,109.1,99.5,97.8,102.3,101.5,101.7,102.5,103.3,101.5,102.5,107.9,106.2,106.7,113.5,107.4,104.6,115.2,114.8,113.1,114.5,114.2,116.2,116.5,119,119.4,122.1,121,118.2,114.3,121,126.7,123.2,124.6,122.8,122,124.4,123.8,124.4,124.8,125.3,122.2,121,118.5,123.2,124.3,120.2,124.2,123.3,123.9,123.8,125.2,124.1,127.5,125.5,120,116.3,120.9,121.9,119,120.2,116.1,117.9,127.4,121,123.2,121,125.1,127.5,118.1,123.8,123.2,121.9,124.3,124.3,122.3,124.2,123.6,125.3,123.7,123.4,121.2,125.9,122.9,122.1,122.5,126.5,120.3,118.7,116.1,117,117.2,115.5,115.6,113.7,117.1
United Kingdom,,,,,,,,,,,,,,,,,,,,,,,,,,,,,,,,,,,,,,,,,,,,,,,,,,,,,,,,,,,,,,,,,,,,,,,,,,,,,,,,,,,,,,,,,,,,,,,,,,,,,,,,,,,,,,,,,,,,,,,,,,85.9,89.7,90.2,91.4,93.2,94.2,93,96.5,94.4,93.5,93,89.9,92.9,93.4,94,94.4,93,94.3,93.1,91.5,91.8,90.5,91.8,95.1,90,87.3,88.6,87.1,88.1,84.3,84.9,84.2,84.5,85.1,86,84.9,83.5,86,85.9,84.3,86.6,87.9,87.2,90,89.3,91.1,89.8,90.3,93.3,93,93.3,96.5,95.5,96.7,96.5,98.3,98,97.4,99.1,98.2,99.8,99.1,100.2,101.1,100.3,99.8,99.8,98.5,98.7,100.2,99.5,102.9,102.2,102.3,102.6,103.9,104.1,103.8,104.2,104,104.7,104.1,104.8,108.4,109.7,109.9,110.3,111,109.8,110.3,109.3,111.2,110,108.6,110.9,114.3,110.1,109.9,108.3,108.2,110.4,111.2,111.3,110.6,111.5,111.9,111.8,109.7,112,115,113,113,112.5,112,112.9,113.4,112.9,111.1,112,112.5,112.6,112.1,106.4,62.1,68.2,82.8,97.3,100.1,103,104.4,105.4,104.1,102.7,106.9,110.3,111.5,109.8,108.9,108.2,107.9,108.3,108.2,110,111.3,112.8,112.8,114.4,114.7,117.3,114.3,116.1,116.5,115.9,117.2,117.1,119.1,116.6,119.5,119.6,118.9,117.4,120.2,119.5,118.6,119,
United States,73.6,73.1,74,75.4,75,75,74.1,73,75,75.9,76,76.4,75.6,75.9,75.8,77.2,78.5,79,79.7,79.3,79,78,78.8,78.6,79.2,80,80.4,78.7,80,79.3,78.9,78.9,78.2,77.5,78.2,78.7,79.8,80.5,80.1,79.3,80.1,80.8,82.1,83.1,84,84.9,86.3,86.3,88.4,87.5,87.5,89.5,90.2,90.8,91.6,93.8,94.5,94.3,94.6,95.3,96.7,96.6,98.4,99.3,98.6,100.5,101.5,103.4,104.3,105.5,106.8,107.8,109.8,110.3,111.8,113.1,110.3,110,109.3,108.6,107.9,107.3,106.2,106,107.5,107.2,107.7,108.8,108,108.9,108.7,107.5,108.2,108.6,107.4,105.1,103.3,103.1,101.8,102,101.7,101.7,100.1,99.4,98.5,98.5,97.9,95.9,92.6,89.7,89.4,89,86.6,84.9,84.1,83.8,82.9,82,81,79.3,77.6,76.1,74.2,75.1,76.8,76.1,76.1,73.5,73.8,74.4,74.6,74.4,72.7,70.5,70.3,71.1,72,72.1,74.3,73.6,74.7,75.1,75.2,75.4,76.2,76.2,76.7,77,77.6,78.7,79.7,79.8,79.6,81.4,80.4,82.3,82.3,80.4,81.1,81,81.9,83.5,83.6,84.1,84.2,85.4,86,86.5,88.2,89,88.3,88.3,89.5,90.7,89.2,89.5,89.6,90.1,91.4,90.8,91.7,92.3,92.6,93.8,97.3,99.6,100.1,103.9,104.5,104.7,104.6,104.1,104.9,106.7,107.9,109.6,106.5,106.6,107.5,108.1,108.7,108.5,109.4,111,110.8,111.7,112.8,113.2,111.2,112.9,112,111,111.5,112.9,113.9,114.8,116.2,119.6,121.3,120.4,121.3,122,120.2,119.7,120,118.7,117.4,116.4,115.5,116,117.5,118.4,121.2,122.1,123.8,126.3,127.7,128.7,129.1,131,131.3,133.8,134.4,134.8,130.7,130,130.6,131.7,133.4,135.2,137.4,138.8,140.8,143.8,141.9,144.4,144.6,145.8,146.8,148.5,149.2,149.3,150.9,154.6,157.1,160.8,163.3,165.6,168.5,168.4,167.7,167.3,165.4,164.4,163.9,164.9,164.8,168.5,169.2,170.2,170.8,174.3,175.1,176.3,179.9,180.4,181.5
